family_id,sample_id,blind_item_id,lemma,group,initial,frequency_stratum,frequency_count,contextual_diversity_count,target_code,target_subdomain,annotation_provenance
EF002-F5FED2D80F5F,UNI-EXP-002-S0001,SCT002-0027,wop,W,W,high,95.0,43.0,0,NONE,AI_A_AI_B_AGREEMENT
EF002-458762EACE61,UNI-EXP-002-S0002,SCT002-0301,whorehouse,W,W,high,89.0,67.0,0,NONE,AI_A_AI_B_AGREEMENT
EF002-B3FE4E804D7D,UNI-EXP-002-S0003,SCT002-0313,wander,W,W,high,520.0,255.0,1,C,AI_A_AI_B_AGREEMENT
EF002-65C5BE8E90CD,UNI-EXP-002-S0004,SCT002-0229,wow,W,W,high,8173.0,3377.0,0,NONE,AI_A_AI_B_AGREEMENT
EF002-5D0F9906D143,UNI-EXP-002-S0005,SCT002-0312,wreckage,W,W,high,107.0,84.0,0,NONE,AI_A_AI_B_AGREEMENT
EF002-C6218A3983B4,UNI-EXP-002-S0006,SCT002-0004,wiggle,W,W,high,211.0,105.0,1,C,AI_A_AI_B_AGREEMENT
EF002-6031236E6331,UNI-EXP-002-S0007,SCT002-0044,wrestler,W,W,high,128.0,58.0,0,NONE,AI_A_AI_B_AGREEMENT
EF002-A0DDF1E6E781,UNI-EXP-002-S0008,SCT002-0160,wayward,W,W,high,38.0,33.0,0,NONE,AI_A_AI_B_AGREEMENT
EF002-D4484644C561,UNI-EXP-002-S0009,SCT002-0261,wont,W,W,high,81.0,42.0,0,NONE,AI_A_AI_B_AGREEMENT
EF002-78ED04004804,UNI-EXP-002-S0010,SCT002-0164,wax,W,W,high,467.0,277.0,0,NONE,AI_A_AI_B_AGREEMENT
EF002-51B1D087285A,UNI-EXP-002-S0011,SCT002-0351,week,W,W,high,18801.0,5024.0,0,NONE,AI_A_AI_B_AGREEMENT
EF002-556DEA69EFEE,UNI-EXP-002-S0012,SCT002-0318,whoopee,W,W,high,82.0,69.0,0,NONE,AI_A_AI_B_AGREEMENT
EF002-B6F072836FEE,UNI-EXP-002-S0013,SCT002-0128,way,W,W,high,72661.0,8222.0,0,NONE,AI_A_AI_B_AGREEMENT
EF002-E6093D6D8714,UNI-EXP-002-S0014,SCT002-0256,widen,W,W,high,59.0,40.0,0,NONE,AI_A_AI_B_AGREEMENT
EF002-62B2D3563FB3,UNI-EXP-002-S0015,SCT002-0121,we,W,W,high,459607.0,8359.0,U,UNCLEAR,AI_A_AI_B_AGREEMENT
EF002-A42BC0285D42,UNI-EXP-002-S0016,SCT002-0146,workout,W,W,high,153.0,127.0,0,NONE,AI_A_AI_B_AGREEMENT
EF002-B9E948D13EBC,UNI-EXP-002-S0017,SCT002-0020,wage,W,W,high,159.0,142.0,0,NONE,AI_A_AI_B_AGREEMENT
EF002-041C23948F47,UNI-EXP-002-S0018,SCT002-0117,wheelbarrow,W,W,high,34.0,23.0,0,NONE,AI_A_AI_B_AGREEMENT
EF002-4084EAC14A74,UNI-EXP-002-S0019,SCT002-0125,walk,W,W,high,14682.0,4848.0,0,NONE,AI_A_AI_B_AGREEMENT
EF002-001E8E459B04,UNI-EXP-002-S0020,SCT002-0151,wager,W,W,high,240.0,140.0,0,NONE,AI_A_AI_B_AGREEMENT
EF002-508843F4E777,UNI-EXP-002-S0021,SCT002-0123,whitey,W,W,high,410.0,92.0,0,NONE,AI_A_AI_B_AGREEMENT
EF002-6EA9C4D2E949,UNI-EXP-002-S0022,SCT002-0329,wanker,W,W,high,128.0,70.0,0,NONE,AI_A_AI_B_AGREEMENT
EF002-F8C094EB28CB,UNI-EXP-002-S0023,SCT002-0296,whisk,W,W,high,50.0,29.0,0,NONE,AI_A_AI_B_AGREEMENT
EF002-71DA6664360A,UNI-EXP-002-S0024,SCT002-0307,wiener,W,W,high,124.0,66.0,0,NONE,AI_A_AI_B_AGREEMENT
EF002-7C8A35F34D00,UNI-EXP-002-S0025,SCT002-0140,wash,W,W,high,2170.0,1354.0,1,B,AI_A_AI_B_AGREEMENT
EF002-DC95775CD5D4,UNI-EXP-002-S0026,SCT002-0250,winter,W,W,high,1486.0,839.0,0,NONE,AI_A_AI_B_AGREEMENT
EF002-4F5D2D4C86CA,UNI-EXP-002-S0027,SCT002-0031,wad,W,W,high,93.0,77.0,0,NONE,AI_A_AI_B_AGREEMENT
EF002-6514CB0E1133,UNI-EXP-002-S0028,SCT002-0341,waltz,W,W,high,363.0,181.0,0,NONE,AI_A_AI_B_AGREEMENT
EF002-CD0292C307D6,UNI-EXP-002-S0029,SCT002-0208,wildcat,W,W,high,158.0,41.0,0,NONE,AI_A_AI_B_AGREEMENT
EF002-FE1606C3ADA9,UNI-EXP-002-S0030,SCT002-0131,wide,W,W,high,1347.0,982.0,0,NONE,AI_A_AI_B_AGREEMENT
EF002-ECA82C89593F,UNI-EXP-002-S0031,SCT002-0098,wattle,W,W,high,50.0,28.0,0,NONE,AI_A_AI_B_AGREEMENT
EF002-F626F0EBA647,UNI-EXP-002-S0032,SCT002-0311,warfare,W,W,high,150.0,115.0,0,NONE,AI_A_AI_B_AGREEMENT
EF002-FEDACA193778,UNI-EXP-002-S0033,SCT002-0035,whammy,W,W,high,34.0,23.0,0,NONE,AI_A_AI_B_AGREEMENT
EF002-EE89B36D1F83,UNI-EXP-002-S0034,SCT002-0100,wily,W,W,high,32.0,28.0,0,NONE,AI_A_AI_B_AGREEMENT
EF002-F93CB75C8C18,UNI-EXP-002-S0035,SCT002-0126,warship,W,W,high,81.0,30.0,0,NONE,AI_A_AI_B_AGREEMENT
EF002-97611DE594B3,UNI-EXP-002-S0036,SCT002-0242,willfully,W,W,high,26.0,25.0,0,NONE,AI_A_AI_B_AGREEMENT
EF002-95B36D2F0DCB,UNI-EXP-002-S0037,SCT002-0064,womanhood,W,W,high,39.0,37.0,0,NONE,AI_A_AI_B_AGREEMENT
EF002-8125F65F6566,UNI-EXP-002-S0038,SCT002-0331,whim,W,W,high,158.0,96.0,0,NONE,AI_A_AI_B_AGREEMENT
EF002-F475139A1E0D,UNI-EXP-002-S0039,SCT002-0075,westward,W,W,high,24.0,24.0,0,NONE,AI_A_AI_B_AGREEMENT
EF002-BCBD9715DBFE,UNI-EXP-002-S0040,SCT002-0006,wonderfully,W,W,high,114.0,110.0,0,NONE,AI_A_AI_B_AGREEMENT
EF002-2C3BE5B22BE1,UNI-EXP-002-S0041,SCT002-0113,wholehearted,W,W,middle,4.0,4.0,0,NONE,AI_A_AI_B_AGREEMENT
EF002-149E8007EDF4,UNI-EXP-002-S0042,SCT002-0060,waistline,W,W,middle,24.0,14.0,0,NONE,AI_A_AI_B_AGREEMENT
EF002-1A6DAAADFF6A,UNI-EXP-002-S0043,SCT002-0005,woodworking,W,W,middle,5.0,4.0,0,NONE,AI_A_AI_B_AGREEMENT
EF002-3CE3F0EB9485,UNI-EXP-002-S0044,SCT002-0159,wrongdoer,W,W,middle,6.0,5.0,0,NONE,AI_A_AI_B_AGREEMENT
EF002-7E18183EB39B,UNI-EXP-002-S0045,SCT002-0054,wrangle,W,W,middle,23.0,16.0,0,NONE,AI_A_AI_B_AGREEMENT
EF002-D5EEAC3292F8,UNI-EXP-002-S0046,SCT002-0187,whereof,W,W,middle,10.0,9.0,U,UNCLEAR,AI_A_AI_B_AGREEMENT
EF002-AAA81861D850,UNI-EXP-002-S0047,SCT002-0103,wishbone,W,W,middle,26.0,17.0,0,NONE,AI_A_AI_B_AGREEMENT
EF002-2E2B27197CBD,UNI-EXP-002-S0048,SCT002-0015,watercress,W,W,middle,4.0,4.0,0,NONE,AI_A_AI_B_AGREEMENT
EF002-BB541A1C309A,UNI-EXP-002-S0049,SCT002-0272,weensy,W,W,middle,6.0,5.0,0,NONE,AI_A_AI_B_AGREEMENT
EF002-0B8E8C28629E,UNI-EXP-002-S0050,SCT002-0253,wayside,W,W,middle,13.0,13.0,0,NONE,AI_A_AI_B_AGREEMENT
EF002-B177FE452564,UNI-EXP-002-S0051,SCT002-0267,wistful,W,W,middle,9.0,9.0,0,NONE,AI_A_AI_B_AGREEMENT
EF002-22ABEED1F01D,UNI-EXP-002-S0052,SCT002-0259,whittle,W,W,middle,48.0,17.0,0,NONE,AI_A_AI_B_AGREEMENT
EF002-FEDE667F5C65,UNI-EXP-002-S0053,SCT002-0236,whippoorwill,W,W,middle,27.0,14.0,0,NONE,AI_A_AI_B_AGREEMENT
EF002-0CE5F1AD0371,UNI-EXP-002-S0054,SCT002-0129,whodunit,W,W,middle,10.0,7.0,0,NONE,AI_A_AI_B_AGREEMENT
EF002-CEE36910CF67,UNI-EXP-002-S0055,SCT002-0205,wetness,W,W,middle,6.0,6.0,1,B,AI_A_AI_B_AGREEMENT
EF002-0781C13BCADE,UNI-EXP-002-S0056,SCT002-0008,wurst,W,W,middle,4.0,3.0,U,UNCLEAR,AI_A_AI_B_AGREEMENT
EF002-230E53250907,UNI-EXP-002-S0057,SCT002-0220,wineglass,W,W,middle,5.0,3.0,0,NONE,AI_A_AI_B_AGREEMENT
EF002-97ED218C20BC,UNI-EXP-002-S0058,SCT002-0173,warty,W,W,middle,4.0,3.0,0,NONE,AI_A_AI_B_AGREEMENT
EF002-B94D10AEC8E7,UNI-EXP-002-S0059,SCT002-0199,wt,W,W,middle,5.0,5.0,U,UNCLEAR,AI_A_AI_B_AGREEMENT
EF002-99DAFD18BF30,UNI-EXP-002-S0060,SCT002-0194,whitewash,W,W,middle,36.0,20.0,2,NONE,AI_C_ADJUDICATION
EF002-3F53B353D2CE,UNI-EXP-002-S0061,SCT002-0294,wimple,W,W,middle,8.0,6.0,0,NONE,AI_A_AI_B_AGREEMENT
EF002-21E831A94C53,UNI-EXP-002-S0062,SCT002-0180,warmly,W,W,middle,24.0,19.0,0,NONE,AI_A_AI_B_AGREEMENT
EF002-73BD914E483C,UNI-EXP-002-S0063,SCT002-0088,weet,W,W,middle,28.0,3.0,U,UNCLEAR,AI_A_AI_B_AGREEMENT
EF002-DDD6F48F7B3D,UNI-EXP-002-S0064,SCT002-0232,windup,W,W,middle,11.0,10.0,0,NONE,AI_A_AI_B_AGREEMENT
EF002-B51A2D749190,UNI-EXP-002-S0065,SCT002-0168,womanly,W,W,middle,8.0,8.0,0,NONE,AI_A_AI_B_AGREEMENT
EF002-4AB15E1B2E5B,UNI-EXP-002-S0066,SCT002-0221,whop,W,W,middle,15.0,9.0,0,NONE,AI_A_AI_B_AGREEMENT
EF002-6D3978E082F4,UNI-EXP-002-S0067,SCT002-0106,whinny,W,W,middle,91.0,19.0,0,NONE,AI_A_AI_B_AGREEMENT
EF002-F74BE2AEB45C,UNI-EXP-002-S0068,SCT002-0109,wren,W,W,middle,20.0,10.0,0,NONE,AI_A_AI_B_AGREEMENT
EF002-E2A0AE57B6E0,UNI-EXP-002-S0069,SCT002-0138,warble,W,W,middle,15.0,6.0,1,C,AI_A_AI_B_AGREEMENT
EF002-3CABBA01FC54,UNI-EXP-002-S0070,SCT002-0289,wholesomeness,W,W,middle,5.0,5.0,0,NONE,AI_A_AI_B_AGREEMENT
EF002-4CF59D2E0082,UNI-EXP-002-S0071,SCT002-0154,waggle,W,W,middle,29.0,10.0,1,C,AI_A_AI_B_AGREEMENT
EF002-F4A89C31C12F,UNI-EXP-002-S0072,SCT002-0097,woeful,W,W,middle,7.0,6.0,0,NONE,AI_A_AI_B_AGREEMENT
EF002-0F6D65714D70,UNI-EXP-002-S0073,SCT002-0055,whereabout,W,W,middle,6.0,5.0,U,UNCLEAR,AI_A_AI_B_AGREEMENT
EF002-E0DD01DF78CF,UNI-EXP-002-S0074,SCT002-0155,workaday,W,W,middle,6.0,6.0,0,NONE,AI_A_AI_B_AGREEMENT
EF002-9C2B68943ECF,UNI-EXP-002-S0075,SCT002-0094,wunderkind,W,W,middle,4.0,4.0,U,UNCLEAR,AI_A_AI_B_AGREEMENT
EF002-26CE576D2063,UNI-EXP-002-S0076,SCT002-0266,weal,W,W,middle,5.0,5.0,0,NONE,AI_A_AI_B_AGREEMENT
EF002-CF500C0A6C1F,UNI-EXP-002-S0077,SCT002-0264,wetland,W,W,middle,47.0,11.0,1,A,AI_A_AI_B_AGREEMENT
EF002-9DD4191A628D,UNI-EXP-002-S0078,SCT002-0057,whitewalls,W,W,middle,6.0,5.0,U,UNCLEAR,AI_A_AI_B_AGREEMENT
EF002-E642E1F89AB0,UNI-EXP-002-S0079,SCT002-0237,worrier,W,W,middle,15.0,15.0,0,NONE,AI_A_AI_B_AGREEMENT
EF002-4C848E55FD42,UNI-EXP-002-S0080,SCT002-0142,whupping,W,W,middle,16.0,16.0,U,UNCLEAR,AI_A_AI_B_AGREEMENT
EF002-2ED667F16BFD,UNI-EXP-002-S0081,SCT002-0263,wizened,W,W,lower,2.0,2.0,0,NONE,AI_A_AI_B_AGREEMENT
EF002-E051C8B9A1D9,UNI-EXP-002-S0082,SCT002-0350,windchill,W,W,lower,2.0,1.0,U,UNCLEAR,AI_A_AI_B_AGREEMENT
EF002-F55926820D4D,UNI-EXP-002-S0083,SCT002-0343,winnable,W,W,lower,1.0,1.0,U,UNCLEAR,AI_A_AI_B_AGREEMENT
EF002-7E868238C967,UNI-EXP-002-S0084,SCT002-0182,witnesseth,W,W,lower,1.0,1.0,U,UNCLEAR,AI_A_AI_B_AGREEMENT
EF002-F8FC2D156A93,UNI-EXP-002-S0085,SCT002-0231,warmouth,W,W,lower,3.0,1.0,U,UNCLEAR,AI_A_AI_B_AGREEMENT
EF002-60323755F5D3,UNI-EXP-002-S0086,SCT002-0270,withing,W,W,lower,1.0,1.0,U,UNCLEAR,AI_A_AI_B_AGREEMENT
EF002-63B0529538D8,UNI-EXP-002-S0087,SCT002-0193,warcraft,W,W,lower,1.0,1.0,U,UNCLEAR,AI_A_AI_B_AGREEMENT
EF002-B9FCFB4963E7,UNI-EXP-002-S0088,SCT002-0308,whizzle,W,W,lower,1.0,1.0,U,UNCLEAR,AI_A_AI_B_AGREEMENT
EF002-4DB13162C747,UNI-EXP-002-S0089,SCT002-0167,weatherbeaten,W,W,lower,1.0,1.0,U,UNCLEAR,AI_A_AI_B_AGREEMENT
EF002-FAD210C05DBE,UNI-EXP-002-S0090,SCT002-0083,warrantless,W,W,lower,2.0,2.0,U,UNCLEAR,AI_A_AI_B_AGREEMENT
EF002-D23825481A84,UNI-EXP-002-S0091,SCT002-0115,wallah,W,W,lower,2.0,2.0,0,NONE,AI_A_AI_B_AGREEMENT
EF002-47FD8B303E83,UNI-EXP-002-S0092,SCT002-0212,waggers,W,W,lower,1.0,1.0,U,UNCLEAR,AI_A_AI_B_AGREEMENT
EF002-C0D018B1C6CA,UNI-EXP-002-S0093,SCT002-0069,whooper,W,W,lower,2.0,1.0,0,NONE,AI_A_AI_B_AGREEMENT
EF002-0134CF20B147,UNI-EXP-002-S0094,SCT002-0049,wicky,W,W,lower,3.0,2.0,U,UNCLEAR,AI_A_AI_B_AGREEMENT
EF002-64F9FFCF055E,UNI-EXP-002-S0095,SCT002-0258,welkin,W,W,lower,1.0,1.0,0,NONE,AI_A_AI_B_AGREEMENT
EF002-9EA4F43D4B9D,UNI-EXP-002-S0096,SCT002-0211,woodnotes,W,W,lower,1.0,1.0,U,UNCLEAR,AI_A_AI_B_AGREEMENT
EF002-D53DED113F4E,UNI-EXP-002-S0097,SCT002-0334,whatsis,W,W,lower,2.0,2.0,0,NONE,AI_A_AI_B_AGREEMENT
EF002-6A4280393B8B,UNI-EXP-002-S0098,SCT002-0202,willowy,W,W,lower,3.0,3.0,0,NONE,AI_A_AI_B_AGREEMENT
EF002-B8412D40B5BA,UNI-EXP-002-S0099,SCT002-0198,wolfish,W,W,lower,2.0,2.0,0,NONE,AI_A_AI_B_AGREEMENT
EF002-58B346872A85,UNI-EXP-002-S0100,SCT002-0171,whoot,W,W,lower,1.0,1.0,U,UNCLEAR,AI_A_AI_B_AGREEMENT
EF002-081F176BBD04,UNI-EXP-002-S0101,SCT002-0018,wretchedly,W,W,lower,2.0,2.0,0,NONE,AI_A_AI_B_AGREEMENT
EF002-EEE3CC608316,UNI-EXP-002-S0102,SCT002-0161,wreaker,W,W,lower,1.0,1.0,U,UNCLEAR,AI_A_AI_B_AGREEMENT
EF002-C2DC091D7918,UNI-EXP-002-S0103,SCT002-0163,weirdy,W,W,lower,1.0,1.0,0,NONE,AI_A_AI_B_AGREEMENT
EF002-ADF03074B523,UNI-EXP-002-S0104,SCT002-0022,weason,W,W,lower,1.0,1.0,U,UNCLEAR,AI_A_AI_B_AGREEMENT
EF002-26508A78CD6D,UNI-EXP-002-S0105,SCT002-0071,wheezily,W,W,lower,1.0,1.0,0,NONE,AI_A_AI_B_AGREEMENT
EF002-002DB7BC5E5D,UNI-EXP-002-S0106,SCT002-0116,wedgy,W,W,lower,2.0,2.0,U,UNCLEAR,AI_A_AI_B_AGREEMENT
EF002-E4EECF1791D1,UNI-EXP-002-S0107,SCT002-0292,whiffle,W,W,lower,3.0,3.0,U,UNCLEAR,AI_A_AI_B_AGREEMENT
EF002-E327FFD08DDF,UNI-EXP-002-S0108,SCT002-0061,werent,W,W,lower,2.0,2.0,U,UNCLEAR,AI_A_AI_B_AGREEMENT
EF002-8E80414E9ABA,UNI-EXP-002-S0109,SCT002-0306,wherewith,W,W,lower,1.0,1.0,U,UNCLEAR,AI_A_AI_B_AGREEMENT
EF002-955D466F3DF9,UNI-EXP-002-S0110,SCT002-0107,wigmaker,W,W,lower,1.0,1.0,0,NONE,AI_A_AI_B_AGREEMENT
EF002-0D8AB1F9BF90,UNI-EXP-002-S0111,SCT002-0176,whizzers,W,W,lower,6.0,2.0,U,UNCLEAR,AI_A_AI_B_AGREEMENT
EF002-D653C306BDCC,UNI-EXP-002-S0112,SCT002-0293,wielder,W,W,lower,3.0,2.0,U,UNCLEAR,AI_A_AI_B_AGREEMENT
EF002-264E29043380,UNI-EXP-002-S0113,SCT002-0139,wode,W,W,lower,1.0,1.0,U,UNCLEAR,AI_A_AI_B_AGREEMENT
EF002-A5FD1B466229,UNI-EXP-002-S0114,SCT002-0342,whosever,W,W,lower,3.0,3.0,U,UNCLEAR,AI_A_AI_B_AGREEMENT
EF002-2C409630A1A8,UNI-EXP-002-S0115,SCT002-0134,waitperson,W,W,lower,1.0,1.0,U,UNCLEAR,AI_A_AI_B_AGREEMENT
EF002-8617C7EFCF7B,UNI-EXP-002-S0116,SCT002-0058,wristbone,W,W,lower,1.0,1.0,0,NONE,AI_A_AI_B_AGREEMENT
EF002-625B85BE83A9,UNI-EXP-002-S0117,SCT002-0093,webmaster,W,W,lower,3.0,2.0,0,NONE,AI_A_AI_B_AGREEMENT
EF002-A60E6A15CB28,UNI-EXP-002-S0118,SCT002-0025,whelk,W,W,lower,3.0,2.0,0,NONE,AI_A_AI_B_AGREEMENT
EF002-8EB4EDC5B89A,UNI-EXP-002-S0119,SCT002-0046,washy,W,W,lower,2.0,2.0,2,NONE,AI_A_AI_B_AGREEMENT
EF002-682745CAD1E6,UNI-EXP-002-S0120,SCT002-0095,whinging,W,W,lower,3.0,3.0,U,UNCLEAR,AI_A_AI_B_AGREEMENT
EF002-F1ACA33FDD8D,UNI-EXP-002-S0121,SCT002-0359,stamp,CONTROL,S,high,673.0,222.0,0,NONE,AI_A_AI_B_AGREEMENT
EF002-AE33DE28DB27,UNI-EXP-002-S0122,SCT002-0169,subtext,CONTROL,S,high,32.0,26.0,U,UNCLEAR,AI_A_AI_B_AGREEMENT
EF002-27872C311ABE,UNI-EXP-002-S0123,SCT002-0207,component,CONTROL,C,high,165.0,65.0,0,NONE,AI_A_AI_B_AGREEMENT
EF002-0FCE6BE4472A,UNI-EXP-002-S0124,SCT002-0355,listen,CONTROL,L,high,28810.0,6965.0,0,NONE,AI_A_AI_B_AGREEMENT
EF002-22524B664CAE,UNI-EXP-002-S0125,SCT002-0089,singular,CONTROL,S,high,66.0,55.0,0,NONE,AI_A_AI_B_AGREEMENT
EF002-C3653BEF444B,UNI-EXP-002-S0126,SCT002-0144,bitty,CONTROL,B,high,91.0,67.0,0,NONE,AI_A_AI_B_AGREEMENT
EF002-30A5C7D09239,UNI-EXP-002-S0127,SCT002-0271,leeway,CONTROL,L,high,29.0,26.0,2,NONE,AI_C_ADJUDICATION
EF002-2BF5B58C4298,UNI-EXP-002-S0128,SCT002-0108,birdie,CONTROL,B,high,282.0,103.0,0,NONE,AI_A_AI_B_AGREEMENT
EF002-FEA2E1805B94,UNI-EXP-002-S0129,SCT002-0234,traumatic,CONTROL,T,high,138.0,119.0,0,NONE,AI_A_AI_B_AGREEMENT
EF002-6206431E6E64,UNI-EXP-002-S0130,SCT002-0337,partnership,CONTROL,P,high,284.0,181.0,0,NONE,AI_A_AI_B_AGREEMENT
EF002-19F8DD991394,UNI-EXP-002-S0131,SCT002-0162,corn,CONTROL,C,high,775.0,403.0,0,NONE,AI_A_AI_B_AGREEMENT
EF002-7EBB968FF643,UNI-EXP-002-S0132,SCT002-0105,transition,CONTROL,T,high,173.0,136.0,0,NONE,AI_A_AI_B_AGREEMENT
EF002-B4F6A053A1F9,UNI-EXP-002-S0133,SCT002-0357,bogey,CONTROL,B,high,155.0,55.0,0,NONE,AI_A_AI_B_AGREEMENT
EF002-4BBD4F7B3680,UNI-EXP-002-S0134,SCT002-0096,loyalty,CONTROL,L,high,636.0,437.0,0,NONE,AI_A_AI_B_AGREEMENT
EF002-7FE2832631C1,UNI-EXP-002-S0135,SCT002-0260,coworker,CONTROL,C,high,34.0,31.0,U,UNCLEAR,AI_A_AI_B_AGREEMENT
EF002-359B7A22CBC5,UNI-EXP-002-S0136,SCT002-0175,screwball,CONTROL,S,high,64.0,41.0,0,NONE,AI_A_AI_B_AGREEMENT
EF002-554D5C5E0EE3,UNI-EXP-002-S0137,SCT002-0084,hydrogen,CONTROL,H,high,136.0,79.0,0,NONE,AI_A_AI_B_AGREEMENT
EF002-B8A42C40F194,UNI-EXP-002-S0138,SCT002-0170,reflective,CONTROL,R,high,31.0,26.0,0,NONE,AI_A_AI_B_AGREEMENT
EF002-BDB10B92056B,UNI-EXP-002-S0139,SCT002-0213,crawl,CONTROL,C,high,868.0,469.0,1,B,AI_A_AI_B_AGREEMENT
EF002-427B7833857D,UNI-EXP-002-S0140,SCT002-0235,saucy,CONTROL,S,high,71.0,46.0,0,NONE,AI_A_AI_B_AGREEMENT
EF002-B37F4B9479CA,UNI-EXP-002-S0141,SCT002-0227,gourmet,CONTROL,G,high,115.0,95.0,0,NONE,AI_A_AI_B_AGREEMENT
EF002-267883F43641,UNI-EXP-002-S0142,SCT002-0019,powerhouse,CONTROL,P,high,31.0,25.0,0,NONE,AI_A_AI_B_AGREEMENT
EF002-3BDAFD9D9089,UNI-EXP-002-S0143,SCT002-0241,numb,CONTROL,N,high,264.0,204.0,0,NONE,AI_A_AI_B_AGREEMENT
EF002-988A210A4B63,UNI-EXP-002-S0144,SCT002-0185,fear,CONTROL,F,high,4323.0,1912.0,0,NONE,AI_A_AI_B_AGREEMENT
EF002-4D4266C83221,UNI-EXP-002-S0145,SCT002-0153,closeness,CONTROL,C,high,36.0,29.0,0,NONE,AI_A_AI_B_AGREEMENT
EF002-73E2A0030A67,UNI-EXP-002-S0146,SCT002-0021,molest,CONTROL,M,high,174.0,62.0,0,NONE,AI_A_AI_B_AGREEMENT
EF002-5B4EB6C35F63,UNI-EXP-002-S0147,SCT002-0189,taffy,CONTROL,T,high,123.0,37.0,0,NONE,AI_A_AI_B_AGREEMENT
EF002-83DE55915F17,UNI-EXP-002-S0148,SCT002-0062,germ,CONTROL,G,high,218.0,114.0,0,NONE,AI_A_AI_B_AGREEMENT
EF002-656A904D8A2B,UNI-EXP-002-S0149,SCT002-0152,stitch,CONTROL,S,high,636.0,205.0,0,NONE,AI_A_AI_B_AGREEMENT
EF002-60DCC0C7F795,UNI-EXP-002-S0150,SCT002-0132,meter,CONTROL,M,high,682.0,230.0,2,NONE,AI_A_AI_B_AGREEMENT
EF002-5A6533E8B1A2,UNI-EXP-002-S0151,SCT002-0314,tidal,CONTROL,T,high,53.0,45.0,1,C,AI_C_ADJUDICATION
EF002-2CB8D069359D,UNI-EXP-002-S0152,SCT002-0150,toot,CONTROL,T,high,269.0,72.0,0,NONE,AI_A_AI_B_AGREEMENT
EF002-DDD4A6FCC7B8,UNI-EXP-002-S0153,SCT002-0042,relativity,CONTROL,R,high,39.0,32.0,0,NONE,AI_A_AI_B_AGREEMENT
EF002-5BAC54DD141B,UNI-EXP-002-S0154,SCT002-0276,frat,CONTROL,F,high,161.0,98.0,0,NONE,AI_A_AI_B_AGREEMENT
EF002-1626312CA1E9,UNI-EXP-002-S0155,SCT002-0059,mousetrap,CONTROL,M,high,36.0,27.0,0,NONE,AI_A_AI_B_AGREEMENT
EF002-8EA1331E173A,UNI-EXP-002-S0156,SCT002-0191,surgical,CONTROL,S,high,409.0,235.0,0,NONE,AI_A_AI_B_AGREEMENT
EF002-E9CFC68E86EE,UNI-EXP-002-S0157,SCT002-0203,saliva,CONTROL,S,high,135.0,92.0,1,B,AI_A_AI_B_AGREEMENT
EF002-341440FB3FF5,UNI-EXP-002-S0158,SCT002-0322,dribble,CONTROL,D,high,93.0,56.0,1,C,AI_A_AI_B_AGREEMENT
EF002-200DDCF57D75,UNI-EXP-002-S0159,SCT002-0282,flourish,CONTROL,F,high,58.0,40.0,1,C,AI_A_AI_B_AGREEMENT
EF002-CD225DBECEAB,UNI-EXP-002-S0160,SCT002-0033,tongue,CONTROL,T,high,1751.0,1117.0,0,NONE,AI_A_AI_B_AGREEMENT
EF002-3206C7B052BF,UNI-EXP-002-S0161,SCT002-0216,mean,CONTROL,M,high,68915.0,8032.0,0,NONE,AI_A_AI_B_AGREEMENT
EF002-219F39CB0465,UNI-EXP-002-S0162,SCT002-0013,member,CONTROL,M,high,2692.0,1109.0,0,NONE,AI_A_AI_B_AGREEMENT
EF002-9ECADE6EA0CB,UNI-EXP-002-S0163,SCT002-0016,boyfriend,CONTROL,B,high,3943.0,1829.0,0,NONE,AI_A_AI_B_AGREEMENT
EF002-494610A10DBC,UNI-EXP-002-S0164,SCT002-0196,matchmaker,CONTROL,M,high,41.0,30.0,0,NONE,AI_A_AI_B_AGREEMENT
EF002-BD26A05845B4,UNI-EXP-002-S0165,SCT002-0080,pretend,CONTROL,P,high,2159.0,1565.0,0,NONE,AI_A_AI_B_AGREEMENT
EF002-3C563F0FC774,UNI-EXP-002-S0166,SCT002-0332,nighttime,CONTROL,N,high,106.0,83.0,0,NONE,AI_A_AI_B_AGREEMENT
EF002-286A9ADCC9FB,UNI-EXP-002-S0167,SCT002-0358,meringue,CONTROL,M,high,36.0,28.0,0,NONE,AI_A_AI_B_AGREEMENT
EF002-F5055A498C54,UNI-EXP-002-S0168,SCT002-0124,tile,CONTROL,T,high,193.0,78.0,0,NONE,AI_A_AI_B_AGREEMENT
EF002-9E8636A2D3B9,UNI-EXP-002-S0169,SCT002-0165,stuff,CONTROL,S,high,15687.0,5429.0,0,NONE,AI_A_AI_B_AGREEMENT
EF002-D826EAF69BCD,UNI-EXP-002-S0170,SCT002-0127,bunker,CONTROL,B,high,282.0,114.0,0,NONE,AI_A_AI_B_AGREEMENT
EF002-CCE1E9A42A7A,UNI-EXP-002-S0171,SCT002-0330,silo,CONTROL,S,high,64.0,31.0,0,NONE,AI_A_AI_B_AGREEMENT
EF002-BCCBED61E988,UNI-EXP-002-S0172,SCT002-0143,censorship,CONTROL,C,high,54.0,33.0,0,NONE,AI_A_AI_B_AGREEMENT
EF002-4D8C4D85D635,UNI-EXP-002-S0173,SCT002-0349,premonition,CONTROL,P,high,230.0,93.0,0,NONE,AI_A_AI_B_AGREEMENT
EF002-B2EEB66FB9B2,UNI-EXP-002-S0174,SCT002-0239,retribution,CONTROL,R,high,86.0,74.0,0,NONE,AI_A_AI_B_AGREEMENT
EF002-CB366810B13C,UNI-EXP-002-S0175,SCT002-0026,click,CONTROL,C,high,716.0,220.0,0,NONE,AI_A_AI_B_AGREEMENT
EF002-8EFE1BB1EFFA,UNI-EXP-002-S0176,SCT002-0360,lie,CONTROL,L,high,8045.0,3353.0,0,NONE,AI_A_AI_B_AGREEMENT
EF002-20B34597176C,UNI-EXP-002-S0177,SCT002-0120,bod,CONTROL,B,high,44.0,29.0,0,NONE,AI_A_AI_B_AGREEMENT
EF002-06E6CA97E371,UNI-EXP-002-S0178,SCT002-0014,chaperone,CONTROL,C,high,100.0,81.0,0,NONE,AI_A_AI_B_AGREEMENT
EF002-2AD1A1061329,UNI-EXP-002-S0179,SCT002-0346,crumble,CONTROL,C,high,172.0,59.0,0,NONE,AI_A_AI_B_AGREEMENT
EF002-3EA82C964A86,UNI-EXP-002-S0180,SCT002-0052,slobber,CONTROL,S,high,59.0,28.0,1,C,AI_A_AI_B_AGREEMENT
EF002-637C84EFE78B,UNI-EXP-002-S0181,SCT002-0269,poetic,CONTROL,P,high,137.0,122.0,0,NONE,AI_A_AI_B_AGREEMENT
EF002-70A292A3B94E,UNI-EXP-002-S0182,SCT002-0007,douse,CONTROL,D,high,59.0,35.0,1,B,AI_A_AI_B_AGREEMENT
EF002-6AFC4D848E45,UNI-EXP-002-S0183,SCT002-0036,con,CONTROL,C,high,867.0,387.0,0,NONE,AI_A_AI_B_AGREEMENT
EF002-C07A84A7EF1B,UNI-EXP-002-S0184,SCT002-0166,tear,CONTROL,T,high,1379.0,1053.0,2,NONE,AI_A_AI_B_AGREEMENT
EF002-932156C9ACE1,UNI-EXP-002-S0185,SCT002-0122,thrive,CONTROL,T,high,122.0,79.0,0,NONE,AI_A_AI_B_AGREEMENT
EF002-EFD3B9E68B72,UNI-EXP-002-S0186,SCT002-0247,controversial,CONTROL,C,high,109.0,92.0,0,NONE,AI_A_AI_B_AGREEMENT
EF002-543C3E450CFE,UNI-EXP-002-S0187,SCT002-0024,naval,CONTROL,N,high,292.0,167.0,0,NONE,AI_A_AI_B_AGREEMENT
EF002-EBA983CC7846,UNI-EXP-002-S0188,SCT002-0304,predecessor,CONTROL,P,high,72.0,41.0,0,NONE,AI_A_AI_B_AGREEMENT
EF002-4B41FD93236C,UNI-EXP-002-S0189,SCT002-0090,chlorine,CONTROL,C,high,38.0,31.0,0,NONE,AI_A_AI_B_AGREEMENT
EF002-29C0D59DD1F9,UNI-EXP-002-S0190,SCT002-0037,not,CONTROL,N,high,276673.0,8349.0,0,NONE,AI_A_AI_B_AGREEMENT
EF002-1363F488F6BD,UNI-EXP-002-S0191,SCT002-0243,gill,CONTROL,G,high,148.0,46.0,0,NONE,AI_A_AI_B_AGREEMENT
EF002-0B8AE9E936F0,UNI-EXP-002-S0192,SCT002-0028,gratitude,CONTROL,G,high,395.0,338.0,0,NONE,AI_A_AI_B_AGREEMENT
EF002-903AF1CD4BC2,UNI-EXP-002-S0193,SCT002-0345,ten,CONTROL,T,high,7509.0,3273.0,0,NONE,AI_A_AI_B_AGREEMENT
EF002-D4C25FA80433,UNI-EXP-002-S0194,SCT002-0302,somebody,CONTROL,S,high,17578.0,5814.0,0,NONE,AI_A_AI_B_AGREEMENT
EF002-5CEBD0D1851C,UNI-EXP-002-S0195,SCT002-0017,disregard,CONTROL,D,high,181.0,153.0,0,NONE,AI_A_AI_B_AGREEMENT
EF002-8F4A3B332023,UNI-EXP-002-S0196,SCT002-0102,granddaddy,CONTROL,G,high,119.0,69.0,0,NONE,AI_A_AI_B_AGREEMENT
EF002-94BDD897DC09,UNI-EXP-002-S0197,SCT002-0111,conjunction,CONTROL,C,high,66.0,45.0,0,NONE,AI_A_AI_B_AGREEMENT
EF002-0A5B4BBE3F6F,UNI-EXP-002-S0198,SCT002-0082,schoolboy,CONTROL,S,high,77.0,56.0,0,NONE,AI_A_AI_B_AGREEMENT
EF002-8A165930EA58,UNI-EXP-002-S0199,SCT002-0197,review,CONTROL,R,high,1142.0,531.0,0,NONE,AI_A_AI_B_AGREEMENT
EF002-1682B6064051,UNI-EXP-002-S0200,SCT002-0023,dense,CONTROL,D,high,120.0,88.0,0,NONE,AI_A_AI_B_AGREEMENT
EF002-1CE81EC8EDA4,UNI-EXP-002-S0201,SCT002-0112,ladybug,CONTROL,L,middle,30.0,13.0,0,NONE,AI_A_AI_B_AGREEMENT
EF002-68C1D6D224DB,UNI-EXP-002-S0202,SCT002-0284,glibness,CONTROL,G,middle,3.0,3.0,0,NONE,AI_A_AI_B_AGREEMENT
EF002-E29299045280,UNI-EXP-002-S0203,SCT002-0119,saddleback,CONTROL,S,middle,4.0,4.0,0,NONE,AI_A_AI_B_AGREEMENT
EF002-50D39502C4E6,UNI-EXP-002-S0204,SCT002-0206,stilted,CONTROL,S,middle,8.0,6.0,0,NONE,AI_A_AI_B_AGREEMENT
EF002-1CA832D12FBB,UNI-EXP-002-S0205,SCT002-0305,prelaw,CONTROL,P,middle,5.0,5.0,U,UNCLEAR,AI_A_AI_B_AGREEMENT
EF002-CB26C0B7CF3E,UNI-EXP-002-S0206,SCT002-0254,scooper,CONTROL,S,middle,12.0,8.0,U,UNCLEAR,AI_A_AI_B_AGREEMENT
EF002-86642C0E69C9,UNI-EXP-002-S0207,SCT002-0114,defibrillator,CONTROL,D,middle,25.0,21.0,0,NONE,AI_A_AI_B_AGREEMENT
EF002-8C99CDDDBACD,UNI-EXP-002-S0208,SCT002-0278,farmland,CONTROL,F,middle,23.0,20.0,0,NONE,AI_A_AI_B_AGREEMENT
EF002-2F27A323EF21,UNI-EXP-002-S0209,SCT002-0158,flirty,CONTROL,F,middle,26.0,18.0,U,UNCLEAR,AI_A_AI_B_AGREEMENT
EF002-1D202455D226,UNI-EXP-002-S0210,SCT002-0215,curio,CONTROL,C,middle,18.0,9.0,0,NONE,AI_A_AI_B_AGREEMENT
EF002-9C30D8C78EF8,UNI-EXP-002-S0211,SCT002-0240,snipe,CONTROL,S,middle,18.0,16.0,0,NONE,AI_A_AI_B_AGREEMENT
EF002-A0780AAABCE8,UNI-EXP-002-S0212,SCT002-0110,sodbuster,CONTROL,S,middle,14.0,3.0,0,NONE,AI_A_AI_B_AGREEMENT
EF002-56237CEA3573,UNI-EXP-002-S0213,SCT002-0222,homunculus,CONTROL,H,middle,11.0,5.0,0,NONE,AI_A_AI_B_AGREEMENT
EF002-97D764B3E60B,UNI-EXP-002-S0214,SCT002-0072,commonsense,CONTROL,C,middle,3.0,3.0,0,NONE,AI_A_AI_B_AGREEMENT
EF002-45B259B1809E,UNI-EXP-002-S0215,SCT002-0352,mantlepiece,CONTROL,M,middle,4.0,4.0,0,NONE,AI_A_AI_B_AGREEMENT
EF002-BE8FB676E7D7,UNI-EXP-002-S0216,SCT002-0010,paralytic,CONTROL,P,middle,12.0,9.0,0,NONE,AI_A_AI_B_AGREEMENT
EF002-1EE342FFD321,UNI-EXP-002-S0217,SCT002-0038,philosophic,CONTROL,P,middle,4.0,4.0,0,NONE,AI_A_AI_B_AGREEMENT
EF002-7A79BF47E236,UNI-EXP-002-S0218,SCT002-0183,schnook,CONTROL,S,middle,19.0,13.0,0,NONE,AI_A_AI_B_AGREEMENT
EF002-63945A0557D4,UNI-EXP-002-S0219,SCT002-0251,sugary,CONTROL,S,middle,15.0,13.0,0,NONE,AI_A_AI_B_AGREEMENT
EF002-E5DBD1183BC5,UNI-EXP-002-S0220,SCT002-0070,masthead,CONTROL,M,middle,7.0,6.0,0,NONE,AI_A_AI_B_AGREEMENT
EF002-671751952EBB,UNI-EXP-002-S0221,SCT002-0184,tollbooth,CONTROL,T,middle,14.0,10.0,0,NONE,AI_A_AI_B_AGREEMENT
EF002-258569273328,UNI-EXP-002-S0222,SCT002-0291,jackknife,CONTROL,J,middle,17.0,8.0,1,B,AI_A_AI_B_AGREEMENT
EF002-92E50FB59FB3,UNI-EXP-002-S0223,SCT002-0148,guardsman,CONTROL,G,middle,24.0,7.0,0,NONE,AI_A_AI_B_AGREEMENT
EF002-CBE57D91287B,UNI-EXP-002-S0224,SCT002-0265,closeup,CONTROL,C,middle,6.0,5.0,0,NONE,AI_A_AI_B_AGREEMENT
EF002-02C2688E46F4,UNI-EXP-002-S0225,SCT002-0226,massively,CONTROL,M,middle,11.0,11.0,0,NONE,AI_A_AI_B_AGREEMENT
EF002-279405D458AF,UNI-EXP-002-S0226,SCT002-0224,sinfully,CONTROL,S,middle,6.0,6.0,U,UNCLEAR,AI_A_AI_B_AGREEMENT
EF002-DB1E27FC0EFC,UNI-EXP-002-S0227,SCT002-0073,transsexual,CONTROL,T,middle,31.0,13.0,0,NONE,AI_A_AI_B_AGREEMENT
EF002-82FB9E363274,UNI-EXP-002-S0228,SCT002-0255,chaise,CONTROL,C,middle,15.0,14.0,0,NONE,AI_A_AI_B_AGREEMENT
EF002-C098ED8C22A6,UNI-EXP-002-S0229,SCT002-0156,heinies,CONTROL,H,middle,15.0,13.0,U,UNCLEAR,AI_A_AI_B_AGREEMENT
EF002-2EF1ABE7180F,UNI-EXP-002-S0230,SCT002-0074,soliloquy,CONTROL,S,middle,18.0,9.0,0,NONE,AI_A_AI_B_AGREEMENT
EF002-C93C2EFEE7DC,UNI-EXP-002-S0231,SCT002-0104,malaise,CONTROL,M,middle,8.0,8.0,0,NONE,AI_A_AI_B_AGREEMENT
EF002-39DC4A6253BA,UNI-EXP-002-S0232,SCT002-0186,saccharine,CONTROL,S,middle,6.0,4.0,0,NONE,AI_A_AI_B_AGREEMENT
EF002-FB123FF8F1E7,UNI-EXP-002-S0233,SCT002-0081,hypochondriac,CONTROL,H,middle,24.0,17.0,0,NONE,AI_A_AI_B_AGREEMENT
EF002-FCE094CEC924,UNI-EXP-002-S0234,SCT002-0340,lute,CONTROL,L,middle,24.0,13.0,0,NONE,AI_A_AI_B_AGREEMENT
EF002-E8F34969E6F2,UNI-EXP-002-S0235,SCT002-0319,nitric,CONTROL,N,middle,12.0,11.0,0,NONE,AI_A_AI_B_AGREEMENT
EF002-F6EC3305D07E,UNI-EXP-002-S0236,SCT002-0192,scag,CONTROL,S,middle,22.0,11.0,0,NONE,AI_A_AI_B_AGREEMENT
EF002-C143806EDF69,UNI-EXP-002-S0237,SCT002-0273,bloodlust,CONTROL,B,middle,9.0,6.0,0,NONE,AI_A_AI_B_AGREEMENT
EF002-F73D9AC9E029,UNI-EXP-002-S0238,SCT002-0326,baggie,CONTROL,B,middle,21.0,19.0,U,UNCLEAR,AI_A_AI_B_AGREEMENT
EF002-473BD2128320,UNI-EXP-002-S0239,SCT002-0141,myrrh,CONTROL,M,middle,13.0,11.0,0,NONE,AI_A_AI_B_AGREEMENT
EF002-92343F5163AC,UNI-EXP-002-S0240,SCT002-0149,boneyard,CONTROL,B,middle,16.0,9.0,U,UNCLEAR,AI_A_AI_B_AGREEMENT
EF002-24E730E10291,UNI-EXP-002-S0241,SCT002-0048,habitually,CONTROL,H,middle,9.0,9.0,0,NONE,AI_A_AI_B_AGREEMENT
EF002-C35B9D31122F,UNI-EXP-002-S0242,SCT002-0002,bather,CONTROL,B,middle,5.0,3.0,1,B,AI_A_AI_B_AGREEMENT
EF002-51114EF10F58,UNI-EXP-002-S0243,SCT002-0034,keyword,CONTROL,K,middle,27.0,7.0,0,NONE,AI_A_AI_B_AGREEMENT
EF002-B16DC55F2435,UNI-EXP-002-S0244,SCT002-0178,drapery,CONTROL,D,middle,12.0,9.0,0,NONE,AI_A_AI_B_AGREEMENT
EF002-38EB6637DDD7,UNI-EXP-002-S0245,SCT002-0335,setter,CONTROL,S,middle,21.0,14.0,0,NONE,AI_A_AI_B_AGREEMENT
EF002-07AF9542E450,UNI-EXP-002-S0246,SCT002-0086,homesickness,CONTROL,H,middle,6.0,5.0,0,NONE,AI_A_AI_B_AGREEMENT
EF002-624B6F704DA7,UNI-EXP-002-S0247,SCT002-0333,porkpie,CONTROL,P,middle,5.0,3.0,0,NONE,AI_A_AI_B_AGREEMENT
EF002-597C0CACA355,UNI-EXP-002-S0248,SCT002-0320,geophysical,CONTROL,G,middle,3.0,3.0,0,NONE,AI_A_AI_B_AGREEMENT
EF002-A9BC4674EA02,UNI-EXP-002-S0249,SCT002-0339,peseta,CONTROL,P,middle,17.0,6.0,0,NONE,AI_A_AI_B_AGREEMENT
EF002-195289412076,UNI-EXP-002-S0250,SCT002-0179,heartwarming,CONTROL,H,middle,19.0,19.0,0,NONE,AI_A_AI_B_AGREEMENT
EF002-75A002A1C383,UNI-EXP-002-S0251,SCT002-0039,coffeepot,CONTROL,C,middle,22.0,17.0,0,NONE,AI_A_AI_B_AGREEMENT
EF002-1D184091E044,UNI-EXP-002-S0252,SCT002-0032,suburbanite,CONTROL,S,middle,10.0,6.0,0,NONE,AI_A_AI_B_AGREEMENT
EF002-7196A4F5CBED,UNI-EXP-002-S0253,SCT002-0079,chauvinistic,CONTROL,C,middle,15.0,13.0,0,NONE,AI_A_AI_B_AGREEMENT
EF002-32B1C334F7D8,UNI-EXP-002-S0254,SCT002-0248,stroker,CONTROL,S,middle,4.0,4.0,U,UNCLEAR,AI_A_AI_B_AGREEMENT
EF002-1697F1CCE503,UNI-EXP-002-S0255,SCT002-0230,softness,CONTROL,S,middle,25.0,20.0,0,NONE,AI_A_AI_B_AGREEMENT
EF002-2D80356D23E9,UNI-EXP-002-S0256,SCT002-0011,psychotherapy,CONTROL,P,middle,23.0,18.0,0,NONE,AI_A_AI_B_AGREEMENT
EF002-633074631D30,UNI-EXP-002-S0257,SCT002-0210,mendacity,CONTROL,M,middle,19.0,5.0,0,NONE,AI_A_AI_B_AGREEMENT
EF002-994139F0980F,UNI-EXP-002-S0258,SCT002-0309,nutritional,CONTROL,N,middle,20.0,19.0,0,NONE,AI_A_AI_B_AGREEMENT
EF002-D6A4F59FEC07,UNI-EXP-002-S0259,SCT002-0157,shoemaker,CONTROL,S,middle,31.0,18.0,0,NONE,AI_A_AI_B_AGREEMENT
EF002-DCB4D28E7B1F,UNI-EXP-002-S0260,SCT002-0353,bookmark,CONTROL,B,middle,31.0,13.0,0,NONE,AI_A_AI_B_AGREEMENT
EF002-3F21BA2608AE,UNI-EXP-002-S0261,SCT002-0283,disembowel,CONTROL,D,middle,22.0,9.0,0,NONE,AI_A_AI_B_AGREEMENT
EF002-1E73C8D50330,UNI-EXP-002-S0262,SCT002-0147,ramblings,CONTROL,R,middle,19.0,16.0,U,UNCLEAR,AI_A_AI_B_AGREEMENT
EF002-54E54602145D,UNI-EXP-002-S0263,SCT002-0137,flurry,CONTROL,F,middle,34.0,22.0,0,NONE,AI_A_AI_B_AGREEMENT
EF002-B27708898E12,UNI-EXP-002-S0264,SCT002-0252,hacksaw,CONTROL,H,middle,24.0,19.0,0,NONE,AI_A_AI_B_AGREEMENT
EF002-CC55FDD714C1,UNI-EXP-002-S0265,SCT002-0040,cleric,CONTROL,C,middle,72.0,9.0,0,NONE,AI_A_AI_B_AGREEMENT
EF002-8E8F9BBF90A9,UNI-EXP-002-S0266,SCT002-0068,bock,CONTROL,B,middle,21.0,7.0,0,NONE,AI_A_AI_B_AGREEMENT
EF002-07A1128DB969,UNI-EXP-002-S0267,SCT002-0003,gov,CONTROL,G,middle,20.0,14.0,U,UNCLEAR,AI_A_AI_B_AGREEMENT
EF002-A51D4C5E71DC,UNI-EXP-002-S0268,SCT002-0209,hobble,CONTROL,H,middle,41.0,12.0,0,NONE,AI_A_AI_B_AGREEMENT
EF002-988CC12C5F65,UNI-EXP-002-S0269,SCT002-0354,glom,CONTROL,G,middle,8.0,5.0,0,NONE,AI_A_AI_B_AGREEMENT
EF002-18275889C8E6,UNI-EXP-002-S0270,SCT002-0065,chine,CONTROL,C,middle,4.0,4.0,0,NONE,AI_A_AI_B_AGREEMENT
EF002-18487B1BAAFD,UNI-EXP-002-S0271,SCT002-0136,maudlin,CONTROL,M,middle,24.0,23.0,0,NONE,AI_A_AI_B_AGREEMENT
EF002-FEBA88119A10,UNI-EXP-002-S0272,SCT002-0297,chanteuse,CONTROL,C,middle,11.0,7.0,U,UNCLEAR,AI_A_AI_B_AGREEMENT
EF002-78DD0D9D600E,UNI-EXP-002-S0273,SCT002-0277,chippies,CONTROL,C,middle,7.0,5.0,U,UNCLEAR,AI_A_AI_B_AGREEMENT
EF002-A3095C9379AC,UNI-EXP-002-S0274,SCT002-0298,militaristic,CONTROL,M,middle,6.0,5.0,0,NONE,AI_A_AI_B_AGREEMENT
EF002-10AEA19619DD,UNI-EXP-002-S0275,SCT002-0280,shittiest,CONTROL,S,middle,4.0,4.0,U,UNCLEAR,AI_A_AI_B_AGREEMENT
EF002-F49D696130C9,UNI-EXP-002-S0276,SCT002-0347,timidity,CONTROL,T,middle,6.0,6.0,0,NONE,AI_A_AI_B_AGREEMENT
EF002-5BF2487DB246,UNI-EXP-002-S0277,SCT002-0257,timecard,CONTROL,T,middle,10.0,5.0,0,NONE,AI_A_AI_B_AGREEMENT
EF002-2EC5311B47CD,UNI-EXP-002-S0278,SCT002-0091,paddock,CONTROL,P,middle,18.0,11.0,0,NONE,AI_A_AI_B_AGREEMENT
EF002-120603686441,UNI-EXP-002-S0279,SCT002-0275,thyme,CONTROL,T,middle,10.0,8.0,0,NONE,AI_A_AI_B_AGREEMENT
EF002-1F129A02C013,UNI-EXP-002-S0280,SCT002-0244,dispassionate,CONTROL,D,middle,7.0,6.0,0,NONE,AI_A_AI_B_AGREEMENT
EF002-072A7C41C6FC,UNI-EXP-002-S0281,SCT002-0274,prewarn,CONTROL,P,lower,1.0,1.0,U,UNCLEAR,AI_A_AI_B_AGREEMENT
EF002-CD16DD5D9A00,UNI-EXP-002-S0282,SCT002-0145,crocus,CONTROL,C,lower,4.0,1.0,0,NONE,AI_A_AI_B_AGREEMENT
EF002-53C13AD5C0D0,UNI-EXP-002-S0283,SCT002-0053,sensile,CONTROL,S,lower,2.0,2.0,U,UNCLEAR,AI_A_AI_B_AGREEMENT
EF002-23EC6C5BE6B3,UNI-EXP-002-S0284,SCT002-0290,costumier,CONTROL,C,lower,1.0,1.0,0,NONE,AI_A_AI_B_AGREEMENT
EF002-0910744E35BD,UNI-EXP-002-S0285,SCT002-0303,manfully,CONTROL,M,lower,2.0,2.0,0,NONE,AI_A_AI_B_AGREEMENT
EF002-015CE7DBAB6A,UNI-EXP-002-S0286,SCT002-0130,bastardisation,CONTROL,B,lower,1.0,1.0,0,NONE,AI_A_AI_B_AGREEMENT
EF002-95FB5F4A3D8D,UNI-EXP-002-S0287,SCT002-0262,dragger,CONTROL,D,lower,3.0,1.0,0,NONE,AI_A_AI_B_AGREEMENT
EF002-B2D8B03D99DD,UNI-EXP-002-S0288,SCT002-0225,purposefulness,CONTROL,P,lower,2.0,2.0,0,NONE,AI_A_AI_B_AGREEMENT
EF002-0DFCD6336AA3,UNI-EXP-002-S0289,SCT002-0177,peepy,CONTROL,P,lower,6.0,2.0,U,UNCLEAR,AI_A_AI_B_AGREEMENT
EF002-3C53788B6D9C,UNI-EXP-002-S0290,SCT002-0001,grippers,CONTROL,G,lower,1.0,1.0,U,UNCLEAR,AI_A_AI_B_AGREEMENT
EF002-16AD8FD4C9A9,UNI-EXP-002-S0291,SCT002-0087,promiss,CONTROL,P,lower,3.0,3.0,U,UNCLEAR,AI_A_AI_B_AGREEMENT
EF002-DC347955C2A5,UNI-EXP-002-S0292,SCT002-0356,sinless,CONTROL,S,lower,1.0,1.0,0,NONE,AI_A_AI_B_AGREEMENT
EF002-268405536045,UNI-EXP-002-S0293,SCT002-0285,maximise,CONTROL,M,lower,2.0,2.0,0,NONE,AI_A_AI_B_AGREEMENT
EF002-6D5447D93799,UNI-EXP-002-S0294,SCT002-0323,foret,CONTROL,F,lower,1.0,1.0,U,UNCLEAR,AI_A_AI_B_AGREEMENT
EF002-97EAB685CABD,UNI-EXP-002-S0295,SCT002-0249,tipless,CONTROL,T,lower,1.0,1.0,U,UNCLEAR,AI_A_AI_B_AGREEMENT
EF002-4699E856B05F,UNI-EXP-002-S0296,SCT002-0078,roguishly,CONTROL,R,lower,1.0,1.0,0,NONE,AI_A_AI_B_AGREEMENT
EF002-44B87CEDACB5,UNI-EXP-002-S0297,SCT002-0287,restorable,CONTROL,R,lower,1.0,1.0,U,UNCLEAR,AI_A_AI_B_AGREEMENT
EF002-C62759F2CDD6,UNI-EXP-002-S0298,SCT002-0328,chanticleer,CONTROL,C,lower,2.0,2.0,U,UNCLEAR,AI_A_AI_B_AGREEMENT
EF002-D661C04C6985,UNI-EXP-002-S0299,SCT002-0327,dualism,CONTROL,D,lower,1.0,1.0,0,NONE,AI_A_AI_B_AGREEMENT
EF002-537377FD17BE,UNI-EXP-002-S0300,SCT002-0190,doyen,CONTROL,D,lower,2.0,1.0,0,NONE,AI_A_AI_B_AGREEMENT
EF002-334C23E6404F,UNI-EXP-002-S0301,SCT002-0321,bannock,CONTROL,B,lower,29.0,2.0,0,NONE,AI_A_AI_B_AGREEMENT
EF002-E4E6B73AB38D,UNI-EXP-002-S0302,SCT002-0092,grosso,CONTROL,G,lower,1.0,1.0,U,UNCLEAR,AI_A_AI_B_AGREEMENT
EF002-84D51148C6AF,UNI-EXP-002-S0303,SCT002-0051,mortmain,CONTROL,M,lower,1.0,1.0,0,NONE,AI_A_AI_B_AGREEMENT
EF002-5B1AAE4BDD70,UNI-EXP-002-S0304,SCT002-0288,melter,CONTROL,M,lower,1.0,1.0,0,NONE,AI_A_AI_B_AGREEMENT
EF002-FF987AE286E9,UNI-EXP-002-S0305,SCT002-0085,befuddle,CONTROL,B,lower,1.0,1.0,0,NONE,AI_A_AI_B_AGREEMENT
EF002-4727C225D3A3,UNI-EXP-002-S0306,SCT002-0233,leisurewear,CONTROL,L,lower,1.0,1.0,0,NONE,AI_A_AI_B_AGREEMENT
EF002-4DF5F3CD9548,UNI-EXP-002-S0307,SCT002-0299,rationalisation,CONTROL,R,lower,3.0,2.0,0,NONE,AI_A_AI_B_AGREEMENT
EF002-F7BC86E3F048,UNI-EXP-002-S0308,SCT002-0045,nephrotoxicity,CONTROL,N,lower,2.0,1.0,U,UNCLEAR,AI_A_AI_B_AGREEMENT
EF002-3E540B75B8AC,UNI-EXP-002-S0309,SCT002-0238,fesse,CONTROL,F,lower,1.0,1.0,0,NONE,AI_A_AI_B_AGREEMENT
EF002-E7D547EC02ED,UNI-EXP-002-S0310,SCT002-0315,gustily,CONTROL,G,lower,1.0,1.0,U,UNCLEAR,AI_A_AI_B_AGREEMENT
EF002-58035D5DC5EA,UNI-EXP-002-S0311,SCT002-0223,serialization,CONTROL,S,lower,1.0,1.0,0,NONE,AI_A_AI_B_AGREEMENT
EF002-DDF594A53D59,UNI-EXP-002-S0312,SCT002-0310,subordination,CONTROL,S,lower,3.0,1.0,0,NONE,AI_A_AI_B_AGREEMENT
EF002-2EE031479C5C,UNI-EXP-002-S0313,SCT002-0135,drabble,CONTROL,D,lower,1.0,1.0,U,UNCLEAR,AI_A_AI_B_AGREEMENT
EF002-726E1BCE3AD7,UNI-EXP-002-S0314,SCT002-0099,grandiosity,CONTROL,G,lower,2.0,2.0,0,NONE,AI_A_AI_B_AGREEMENT
EF002-84858D3E6E0D,UNI-EXP-002-S0315,SCT002-0228,gabber,CONTROL,G,lower,1.0,1.0,U,UNCLEAR,AI_A_AI_B_AGREEMENT
EF002-4F1449BD07A2,UNI-EXP-002-S0316,SCT002-0348,hav,CONTROL,H,lower,7.0,2.0,U,UNCLEAR,AI_A_AI_B_AGREEMENT
EF002-D937827F9F6D,UNI-EXP-002-S0317,SCT002-0219,thicklips,CONTROL,T,lower,1.0,1.0,U,UNCLEAR,AI_A_AI_B_AGREEMENT
EF002-4A331E90194F,UNI-EXP-002-S0318,SCT002-0338,reusable,CONTROL,R,lower,1.0,1.0,0,NONE,AI_A_AI_B_AGREEMENT
EF002-7225A3D3F44F,UNI-EXP-002-S0319,SCT002-0174,glans,CONTROL,G,lower,1.0,1.0,0,NONE,AI_A_AI_B_AGREEMENT
EF002-FAA9A6ECCBB7,UNI-EXP-002-S0320,SCT002-0325,termin,CONTROL,T,lower,1.0,1.0,U,UNCLEAR,AI_A_AI_B_AGREEMENT
EF002-E5A108A0BCE0,UNI-EXP-002-S0321,SCT002-0218,goby,CONTROL,G,lower,3.0,2.0,0,NONE,AI_A_AI_B_AGREEMENT
EF002-A4F675E2EC77,UNI-EXP-002-S0322,SCT002-0047,misapply,CONTROL,M,lower,3.0,3.0,0,NONE,AI_A_AI_B_AGREEMENT
EF002-B4F3D6F9A974,UNI-EXP-002-S0323,SCT002-0041,sharia,CONTROL,S,lower,1.0,1.0,0,NONE,AI_A_AI_B_AGREEMENT
EF002-168470C82695,UNI-EXP-002-S0324,SCT002-0030,mistrustful,CONTROL,M,lower,3.0,2.0,0,NONE,AI_A_AI_B_AGREEMENT
EF002-27CB848B0952,UNI-EXP-002-S0325,SCT002-0077,tartly,CONTROL,T,lower,1.0,1.0,0,NONE,AI_A_AI_B_AGREEMENT
EF002-08BA526D8B96,UNI-EXP-002-S0326,SCT002-0268,precociously,CONTROL,P,lower,1.0,1.0,0,NONE,AI_A_AI_B_AGREEMENT
EF002-6A53160B6AB3,UNI-EXP-002-S0327,SCT002-0336,papacy,CONTROL,P,lower,2.0,2.0,0,NONE,AI_A_AI_B_AGREEMENT
EF002-A3F3A5563A99,UNI-EXP-002-S0328,SCT002-0281,noway,CONTROL,N,lower,1.0,1.0,U,UNCLEAR,AI_A_AI_B_AGREEMENT
EF002-6BAF358ACDED,UNI-EXP-002-S0329,SCT002-0204,busk,CONTROL,B,lower,1.0,1.0,0,NONE,AI_A_AI_B_AGREEMENT
EF002-5037544733BE,UNI-EXP-002-S0330,SCT002-0201,dirigible,CONTROL,D,lower,1.0,1.0,0,NONE,AI_A_AI_B_AGREEMENT
EF002-3B2E368A8289,UNI-EXP-002-S0331,SCT002-0029,hatless,CONTROL,H,lower,2.0,2.0,0,NONE,AI_A_AI_B_AGREEMENT
EF002-248F4DB4AC27,UNI-EXP-002-S0332,SCT002-0056,lekker,CONTROL,L,lower,2.0,1.0,U,UNCLEAR,AI_A_AI_B_AGREEMENT
EF002-6C829E078631,UNI-EXP-002-S0333,SCT002-0172,lifelessness,CONTROL,L,lower,1.0,1.0,0,NONE,AI_A_AI_B_AGREEMENT
EF002-799C02E5A666,UNI-EXP-002-S0334,SCT002-0279,superoxide,CONTROL,S,lower,2.0,2.0,0,NONE,AI_A_AI_B_AGREEMENT
EF002-9644BFCC88D6,UNI-EXP-002-S0335,SCT002-0118,demur,CONTROL,D,lower,6.0,2.0,0,NONE,AI_A_AI_B_AGREEMENT
EF002-D1F289394D66,UNI-EXP-002-S0336,SCT002-0012,mimetic,CONTROL,M,lower,2.0,2.0,0,NONE,AI_A_AI_B_AGREEMENT
EF002-468C802FD465,UNI-EXP-002-S0337,SCT002-0214,neuroma,CONTROL,N,lower,1.0,1.0,0,NONE,AI_A_AI_B_AGREEMENT
EF002-D8ACB91C215F,UNI-EXP-002-S0338,SCT002-0295,gentrify,CONTROL,G,lower,1.0,1.0,0,NONE,AI_A_AI_B_AGREEMENT
EF002-1BF77BBAB63E,UNI-EXP-002-S0339,SCT002-0181,discarnate,CONTROL,D,lower,1.0,1.0,U,UNCLEAR,AI_A_AI_B_AGREEMENT
EF002-3217931B0985,UNI-EXP-002-S0340,SCT002-0316,radicalised,CONTROL,R,lower,1.0,1.0,U,UNCLEAR,AI_A_AI_B_AGREEMENT
EF002-EC00F56275B1,UNI-EXP-002-S0341,SCT002-0300,friskiness,CONTROL,F,lower,1.0,1.0,0,NONE,AI_A_AI_B_AGREEMENT
EF002-778D1D6716D8,UNI-EXP-002-S0342,SCT002-0245,forestology,CONTROL,F,lower,2.0,1.0,U,UNCLEAR,AI_A_AI_B_AGREEMENT
EF002-699BFF65936F,UNI-EXP-002-S0343,SCT002-0009,rogering,CONTROL,R,lower,3.0,3.0,U,UNCLEAR,AI_A_AI_B_AGREEMENT
EF002-335643696749,UNI-EXP-002-S0344,SCT002-0133,lamby,CONTROL,L,lower,3.0,2.0,U,UNCLEAR,AI_A_AI_B_AGREEMENT
EF002-32999AB1E375,UNI-EXP-002-S0345,SCT002-0050,stripteaser,CONTROL,S,lower,1.0,1.0,0,NONE,AI_A_AI_B_AGREEMENT
EF002-15DC9568B333,UNI-EXP-002-S0346,SCT002-0063,noop,CONTROL,N,lower,1.0,1.0,U,UNCLEAR,AI_A_AI_B_AGREEMENT
EF002-F7CB32D7A923,UNI-EXP-002-S0347,SCT002-0217,salties,CONTROL,S,lower,1.0,1.0,U,UNCLEAR,AI_A_AI_B_AGREEMENT
EF002-83A7DF2EBBD8,UNI-EXP-002-S0348,SCT002-0067,birefringence,CONTROL,B,lower,1.0,1.0,0,NONE,AI_A_AI_B_AGREEMENT
EF002-EAF3FE67E1CC,UNI-EXP-002-S0349,SCT002-0246,fovea,CONTROL,F,lower,1.0,1.0,0,NONE,AI_A_AI_B_AGREEMENT
EF002-E81BF05ADDEB,UNI-EXP-002-S0350,SCT002-0317,reconstitution,CONTROL,R,lower,1.0,1.0,U,UNCLEAR,AI_A_AI_B_AGREEMENT
EF002-9B0C739EED70,UNI-EXP-002-S0351,SCT002-0043,misshapes,CONTROL,M,lower,1.0,1.0,U,UNCLEAR,AI_A_AI_B_AGREEMENT
EF002-2EC24653E6FA,UNI-EXP-002-S0352,SCT002-0076,gaufrette,CONTROL,G,lower,2.0,2.0,U,UNCLEAR,AI_A_AI_B_AGREEMENT
EF002-3AE74F0E517B,UNI-EXP-002-S0353,SCT002-0344,leatherjacket,CONTROL,L,lower,3.0,3.0,0,NONE,AI_A_AI_B_AGREEMENT
EF002-F0F7167AE90C,UNI-EXP-002-S0354,SCT002-0195,sympathetically,CONTROL,S,lower,3.0,3.0,0,NONE,AI_A_AI_B_AGREEMENT
EF002-9140790D8FE2,UNI-EXP-002-S0355,SCT002-0200,believably,CONTROL,B,lower,2.0,2.0,0,NONE,AI_A_AI_B_AGREEMENT
EF002-7BD03C0E2124,UNI-EXP-002-S0356,SCT002-0066,brights,CONTROL,B,lower,2.0,2.0,U,UNCLEAR,AI_A_AI_B_AGREEMENT
EF002-F3A10DBF104B,UNI-EXP-002-S0357,SCT002-0188,bacteriostatic,CONTROL,B,lower,1.0,1.0,0,NONE,AI_A_AI_B_AGREEMENT
EF002-1DD1F289E586,UNI-EXP-002-S0358,SCT002-0101,honorific,CONTROL,H,lower,1.0,1.0,0,NONE,AI_A_AI_B_AGREEMENT
EF002-EA72B6E2C977,UNI-EXP-002-S0359,SCT002-0286,clothier,CONTROL,C,lower,4.0,2.0,0,NONE,AI_A_AI_B_AGREEMENT
EF002-B696F0B6FA86,UNI-EXP-002-S0360,SCT002-0324,dihedral,CONTROL,D,lower,1.0,1.0,U,UNCLEAR,AI_A_AI_B_AGREEMENT
